{
  "articles_and_essays": null,
  "cite_this": {
    "apa": "Lincoln, A. (1860) <cite>Abraham Lincoln papers: Series 1. General Correspondence. 1833 to 1916: Abraham Lincoln to Truman Smith, Saturday,Lincoln will not issue a public statement to reassure the South</cite>. [Manuscript/Mixed Material] Retrieved from the Library of Congress, https://www.loc.gov/item/mal0440500/.",
    "chicago": "Lincoln, Abraham. <cite>Abraham Lincoln papers: Series 1. General Correspondence. 1833 to 1916: Abraham Lincoln to Truman Smith, Saturday,Lincoln will not issue a public statement to reassure the South</cite>. 1860. Manuscript/Mixed Material. https://www.loc.gov/item/mal0440500/.",
    "mla": "Lincoln, Abraham. <cite>Abraham Lincoln papers: Series 1. General Correspondence. 1833 to 1916: Abraham Lincoln to Truman Smith, Saturday,Lincoln will not issue a public statement to reassure the South</cite>. 1860. Manuscript/Mixed Material. Retrieved from the Library of Congress, &lt;www.loc.gov/item/mal0440500/&gt;."
  },
  "item": {
    "_version_": 1730874767955722240,
    "access_restricted": false,
    "aka": [
      "http://www.loc.gov/item/mal0440500/",
      "https://hdl.loc.gov/loc.mss/ms000001.mss30189a.0440500",
      "http://www.loc.gov/resource/mal.0440500/",
      "http://www.loc.gov/item/mal.0440500/"
    ],
    "call_number": [
      "series: Series 1. General Correspondence. 1833-1916"
    ],
    "campaigns": [],
    "contributor_names": [
      "Lincoln, Abraham, 1809-1865"
    ],
    "contributors": [
      {
        "lincoln, abraham": "https://www.loc.gov/search/?fa=contributor:lincoln,+abraham&fo=json"
      }
    ],
    "created_published": [
      "November 10, 1860"
    ],
    "date": "1860-11-10",
    "dates": [
      {
        "1860-11-10": "https://www.loc.gov/search/?dates=1860-11-10/1860-11-10&fo=json"
      }
    ],
    "digital_id": [
      "http://hdl.loc.gov/loc.mss/ms000001.mss30189a.0440500"
    ],
    "digitized": true,
    "display_offsite": true,
    "extract_timestamp": "2022-01-29T02:31:19.381Z",
    "extract_urls": [
      "http://c2vlpdmtool01.loc.gov/data-management-tool/export_group_xml/mal/mal0440500.xml#mal"
    ],
    "format": [
      {
        "manuscript/mixed material": "https://www.loc.gov/search/?fa=original_format:manuscript/mixed+material&fo=json"
      }
    ],
    "genre": [
      "Manuscripts"
    ],
    "group": [
      "mal",
      "abraham-lincoln-papers"
    ],
    "hassegments": true,
    "id": "http://www.loc.gov/item/mal0440500/",
    "image_url": [
      "https://tile.loc.gov/image-services/iiif/service:mss:mal:044:0440500:001/full/pct:6.25/0/default.jpg#h=302&w=201",
      "https://tile.loc.gov/image-services/iiif/service:mss:mal:044:0440500:001/full/pct:12.5/0/default.jpg#h=604&w=403",
      "https://tile.loc.gov/image-services/iiif/service:mss:mal:044:0440500:001/full/pct:25/0/default.jpg#h=1209&w=807",
      "https://tile.loc.gov/image-services/iiif/service:mss:mal:044:0440500:001/full/pct:50/0/default.jpg#h=2419&w=1614",
      "https://tile.loc.gov/image-services/iiif/service:mss:mal:044:0440500:001/full/pct:100/0/default.jpg#h=4838&w=3229"
    ],
    "index": 1,
    "item": {
      "call_number": [
        "series: Series 1. General Correspondence. 1833-1916"
      ],
      "contributors": [
        "Lincoln, Abraham, 1809-1865"
      ],
      "created_published": [
        "November 10, 1860"
      ],
      "date": "18601110",
      "digital_id": [
        "http://hdl.loc.gov/loc.mss/ms000001.mss30189a.0440500"
      ],
      "format": "mixed material",
      "genre": [
        "Manuscripts"
      ],
      "language": [
        "eng"
      ],
      "notes": [
        "Lincoln will not issue a public statement to reassure the South"
      ],
      "repository": "Manuscript Division",
      "rights": "No known restrictions on use or reproduction.",
      "source_collection": "Abraham Lincoln Papers at the Library of Congress",
      "subjects": [
        "United States--History--Civil War, 1861-1865.",
        "United States--Politics and government--1861-1865.",
        "Presidents--United States.",
        "Manuscripts"
      ],
      "title": "Abraham Lincoln papers: Series 1. General Correspondence. 1833-1916: Abraham Lincoln to Truman Smith, Saturday, November 10, 1860 (Lincoln will not issue a public statement to reassure the South)"
    },
    "language": [
      "english"
    ],
    "languages": [
      {
        "english": "https://www.loc.gov/search/?fa=language:english&fo=json"
      }
    ],
    "mime_type": [
      "text/xml",
      "image/jpeg",
      "image/jp2",
      "application/xml",
      "image/tiff",
      "application/pdf"
    ],
    "notes": [
      "Lincoln will not issue a public statement to reassure the South"
    ],
    "online_format": [
      "online text",
      "image",
      "pdf"
    ],
    "original_format": [
      "manuscript/mixed material"
    ],
    "other_formats": [],
    "partof": [
      {
        "count": 19114,
        "title": "abraham lincoln papers at the library of congress: series 1. general correspondence. 1833-1916",
        "url": "https://www.loc.gov/search/?fa=partof:abraham+lincoln+papers+at+the+library+of+congress:+series+1.+general+correspondence.+1833-1916&fo=json"
      },
      {
        "count": 20206,
        "title": "abraham lincoln papers at the library of congress",
        "url": "https://www.loc.gov/collections/abraham-lincoln-papers/?fo=json"
      },
      {
        "count": 170336,
        "title": "manuscript division",
        "url": "https://www.loc.gov/search/?fa=partof:manuscript+division&fo=json"
      }
    ],
    "repository": [
      "Manuscript Division"
    ],
    "resources": [
      {
        "files": 2,
        "fulltext_file": "https://tile.loc.gov/storage-services/service/mss/mal/044/0440500/0440500.xml",
        "image": "https://tile.loc.gov/image-services/iiif/service:mss:mal:044:0440500:001/full/pct:6.25/0/default.jpg",
        "pdf": "https://tile.loc.gov/storage-services/service/mss/mal/044/0440500/0440500.pdf",
        "url": "https://www.loc.gov/resource/mal.0440500/"
      }
    ],
    "rights": [
      "<p>The Library of Congress&rsquo;s digital scans of the papers of Abraham Lincoln are  in the public domain.</p>\r\n<p>Credit Line: Library of Congress, Manuscript Division, Abraham Lincoln  Papers.</p>\r\n<p>More about <a href=\"/legal/\">Copyright and other  Restrictions</a></p>\r\n<p>For guidance about compiling full citations consult <a href=\"https://www.loc.gov/teachers/usingprimarysources/citing.html\">Citing  Primary Sources</a>.</p>\r\n"
    ],
    "score": 19.300514,
    "shard": "00",
    "shelf_id": "series: Series 1. General Correspondence. 1833-1916",
    "site": [],
    "source_collection": "Abraham Lincoln Papers at the Library of Congress",
    "subject": [
      "civil war",
      "manuscripts",
      "history",
      "politics and government",
      "united states",
      "presidents"
    ],
    "subject_headings": [
      "United States--History--Civil War, 1861-1865",
      "United States--Politics and government--1861-1865",
      "Presidents--United States",
      "Manuscripts"
    ],
    "subjects": [
      {
        "civil war": "https://www.loc.gov/search/?fa=subject:civil+war&fo=json"
      },
      {
        "history": "https://www.loc.gov/search/?fa=subject:history&fo=json"
      },
      {
        "manuscripts": "https://www.loc.gov/search/?fa=subject:manuscripts&fo=json"
      },
      {
        "politics and government": "https://www.loc.gov/search/?fa=subject:politics+and+government&fo=json"
      },
      {
        "presidents": "https://www.loc.gov/search/?fa=subject:presidents&fo=json"
      },
      {
        "united states": "https://www.loc.gov/search/?fa=subject:united+states&fo=json"
      }
    ],
    "timestamp": "2022-04-23T05:13:30.922Z",
    "title": "Abraham Lincoln papers: Series 1. General Correspondence. 1833-1916: Abraham Lincoln to Truman Smith, Saturday, November 10, 1860 (Lincoln will not issue a public statement to reassure the South)",
    "type": [
      "manuscript/mixed material"
    ],
    "url": "https://www.loc.gov/item/mal0440500/"
  },
  "more_like_this": [
    {
      "access_restricted": false,
      "aka": [
        "http://www.loc.gov/item/mal2459400/",
        "https://hdl.loc.gov/loc.mss/ms000001.mss30189a.2459400",
        "http://www.loc.gov/resource/mal.2459400/",
        "http://www.loc.gov/item/mal.2459400/"
      ],
      "campaigns": [],
      "contributor": [
        "lincoln, abraham"
      ],
      "date": "1863-06-01",
      "dates": [
        "1863-06"
      ],
      "digitized": true,
      "extract_timestamp": "2022-01-29T07:56:32.838Z",
      "group": [
        "mal",
        "abraham-lincoln-papers"
      ],
      "hassegments": true,
      "id": "http://www.loc.gov/item/mal2459400/",
      "image_url": [
        "https://tile.loc.gov/image-services/iiif/service:mss:mal:245:2459400:001/full/pct:6.25/0/default.jpg#h=492&w=319",
        "https://tile.loc.gov/image-services/iiif/service:mss:mal:245:2459400:001/full/pct:12.5/0/default.jpg#h=985&w=639",
        "https://tile.loc.gov/image-services/iiif/service:mss:mal:245:2459400:001/full/pct:25/0/default.jpg#h=1970&w=1279",
        "https://tile.loc.gov/image-services/iiif/service:mss:mal:245:2459400:001/full/pct:50/0/default.jpg#h=3941&w=2559",
        "https://tile.loc.gov/image-services/iiif/service:mss:mal:245:2459400:001/full/pct:100/0/default.jpg#h=7882&w=5118"
      ],
      "index": 1,
      "language": [
        "english"
      ],
      "mime_type": [
        "text/xml",
        "image/jpeg",
        "image/jp2",
        "application/xml",
        "image/tiff",
        "application/pdf"
      ],
      "online_format": [
        "online text",
        "image",
        "pdf"
      ],
      "original_format": [
        "manuscript/mixed material"
      ],
      "partof": [
        "manuscript division",
        "abraham lincoln papers at the library of congress",
        "abraham lincoln papers at the library of congress: series 1. general correspondence. 1833-1916"
      ],
      "score": 17.731201,
      "shelf_id": "series: Series 1. General Correspondence. 1833-1916",
      "subject": [
        "civil war",
        "manuscripts",
        "history",
        "politics and government",
        "united states",
        "presidents"
      ],
      "timestamp": "2022-04-23T06:07:17.085Z",
      "title": "Abraham Lincoln papers: Series 1. General Correspondence. 1833-1916: Mark W. Delahay to Abraham Lincoln, [June-July 1863] (Defends conduct of General Blunt)",
      "url": "https://www.loc.gov/item/mal2459400/"
    },
    {
      "access_restricted": false,
      "aka": [
        "http://www.loc.gov/item/mal2460000/",
        "https://hdl.loc.gov/loc.mss/ms000001.mss30189a.2460000",
        "http://www.loc.gov/resource/mal.2460000/",
        "http://www.loc.gov/item/mal.2460000/"
      ],
      "campaigns": [],
      "contributor": [
        "lincoln, abraham"
      ],
      "date": "1862-11-01",
      "dates": [
        "1862-11"
      ],
      "digitized": true,
      "extract_timestamp": "2022-01-29T07:56:32.838Z",
      "group": [
        "mal",
        "abraham-lincoln-papers"
      ],
      "hassegments": true,
      "id": "http://www.loc.gov/item/mal2460000/",
      "image_url": [
        "https://tile.loc.gov/image-services/iiif/service:mss:mal:246:2460000:001/full/pct:6.25/0/default.jpg#h=392&w=309",
        "https://tile.loc.gov/image-services/iiif/service:mss:mal:246:2460000:001/full/pct:12.5/0/default.jpg#h=785&w=618",
        "https://tile.loc.gov/image-services/iiif/service:mss:mal:246:2460000:001/full/pct:25/0/default.jpg#h=1571&w=1237",
        "https://tile.loc.gov/image-services/iiif/service:mss:mal:246:2460000:001/full/pct:50/0/default.jpg#h=3142&w=2474",
        "https://tile.loc.gov/image-services/iiif/service:mss:mal:246:2460000:001/full/pct:100/0/default.jpg#h=6285&w=4949"
      ],
      "index": 2,
      "language": [
        "english"
      ],
      "mime_type": [
        "text/xml",
        "image/jpeg",
        "image/jp2",
        "application/xml",
        "image/tiff",
        "application/pdf"
      ],
      "online_format": [
        "online text",
        "image",
        "pdf"
      ],
      "original_format": [
        "manuscript/mixed material"
      ],
      "partof": [
        "manuscript division",
        "abraham lincoln papers at the library of congress",
        "abraham lincoln papers at the library of congress: series 1. general correspondence. 1833-1916"
      ],
      "score": 17.731201,
      "shelf_id": "series: Series 1. General Correspondence. 1833-1916",
      "subject": [
        "civil war",
        "manuscripts",
        "history",
        "politics and government",
        "united states",
        "presidents"
      ],
      "timestamp": "2022-04-23T06:07:17.085Z",
      "title": "Abraham Lincoln papers: Series 1. General Correspondence. 1833-1916: Francis P. Blair, Sr. to Abraham Lincoln, [November 1862] (Troops for Frank Blair's command)",
      "url": "https://www.loc.gov/item/mal2460000/"
    },
    {
      "access_restricted": false,
      "aka": [
        "http://www.loc.gov/item/mal2460200/",
        "https://hdl.loc.gov/loc.mss/ms000001.mss30189a.2460200",
        "http://www.loc.gov/resource/mal.2460200/",
        "http://www.loc.gov/item/mal.2460200/"
      ],
      "campaigns": [],
      "contributor": [
        "lincoln, abraham"
      ],
      "date": "1863-07-01",
      "dates": [
        "1863-07-01"
      ],
      "digitized": true,
      "extract_timestamp": "2022-01-29T07:56:32.838Z",
      "group": [
        "mal",
        "abraham-lincoln-papers"
      ],
      "hassegments": true,
      "id": "http://www.loc.gov/item/mal2460200/",
      "image_url": [
        "https://tile.loc.gov/image-services/iiif/service:mss:mal:246:2460200:001/full/pct:6.25/0/default.jpg#h=398&w=307",
        "https://tile.loc.gov/image-services/iiif/service:mss:mal:246:2460200:001/full/pct:12.5/0/default.jpg#h=796&w=614",
        "https://tile.loc.gov/image-services/iiif/service:mss:mal:246:2460200:001/full/pct:25/0/default.jpg#h=1592&w=1228",
        "https://tile.loc.gov/image-services/iiif/service:mss:mal:246:2460200:001/full/pct:50/0/default.jpg#h=3184&w=2457",
        "https://tile.loc.gov/image-services/iiif/service:mss:mal:246:2460200:001/full/pct:100/0/default.jpg#h=6368&w=4914"
      ],
      "index": 3,
      "language": [
        "english"
      ],
      "mime_type": [
        "text/plain",
        "image/tiff",
        "image/jpeg",
        "image/jp2"
      ],
      "online_format": [
        "online text",
        "image"
      ],
      "original_format": [
        "manuscript/mixed material"
      ],
      "partof": [
        "manuscript division",
        "abraham lincoln papers at the library of congress",
        "abraham lincoln papers at the library of congress: series 1. general correspondence. 1833-1916"
      ],
      "score": 17.731201,
      "shelf_id": "series: Series 1. General Correspondence. 1833-1916",
      "subject": [
        "civil war",
        "manuscripts",
        "history",
        "politics and government",
        "united states",
        "presidents"
      ],
      "timestamp": "2022-04-23T06:07:17.085Z",
      "title": "Abraham Lincoln papers: Series 1. General Correspondence. 1833-1916: Hinton L. Lloyd to Abraham Lincoln, Wednesday, July 01, 1863 (Sends resolutions of Hudson River Baptist Association)",
      "url": "https://www.loc.gov/item/mal2460200/"
    },
    {
      "access_restricted": false,
      "aka": [
        "http://www.loc.gov/item/mal2460400/",
        "https://hdl.loc.gov/loc.mss/ms000001.mss30189a.2460400",
        "http://www.loc.gov/resource/mal.2460400/",
        "http://www.loc.gov/item/mal.2460400/"
      ],
      "campaigns": [],
      "contributor": [
        "lincoln, abraham"
      ],
      "date": "1863-07-01",
      "dates": [
        "1863-07-01"
      ],
      "digitized": true,
      "extract_timestamp": "2022-01-29T07:56:32.838Z",
      "group": [
        "mal",
        "abraham-lincoln-papers"
      ],
      "hassegments": true,
      "id": "http://www.loc.gov/item/mal2460400/",
      "image_url": [
        "https://tile.loc.gov/image-services/iiif/service:mss:mal:246:2460400:001/full/pct:6.25/0/default.jpg#h=389&w=321",
        "https://tile.loc.gov/image-services/iiif/service:mss:mal:246:2460400:001/full/pct:12.5/0/default.jpg#h=778&w=643",
        "https://tile.loc.gov/image-services/iiif/service:mss:mal:246:2460400:001/full/pct:25/0/default.jpg#h=1557&w=1287",
        "https://tile.loc.gov/image-services/iiif/service:mss:mal:246:2460400:001/full/pct:50/0/default.jpg#h=3115&w=2574",
        "https://tile.loc.gov/image-services/iiif/service:mss:mal:246:2460400:001/full/pct:100/0/default.jpg#h=6231&w=5149"
      ],
      "index": 4,
      "language": [
        "english"
      ],
      "mime_type": [
        "text/xml",
        "image/jpeg",
        "image/jp2",
        "application/xml",
        "image/tiff",
        "application/pdf"
      ],
      "online_format": [
        "online text",
        "image",
        "pdf"
      ],
      "original_format": [
        "manuscript/mixed material"
      ],
      "partof": [
        "manuscript division",
        "abraham lincoln papers at the library of congress",
        "abraham lincoln papers at the library of congress: series 1. general correspondence. 1833-1916"
      ],
      "score": 17.731201,
      "shelf_id": "series: Series 1. General Correspondence. 1833-1916",
      "subject": [
        "civil war",
        "manuscripts",
        "history",
        "politics and government",
        "united states",
        "presidents"
      ],
      "timestamp": "2022-04-23T06:07:17.085Z",
      "title": "Abraham Lincoln papers: Series 1. General Correspondence. 1833-1916: Orville H. Browning to Abraham Lincoln, Wednesday, July 01, 1863 (Writes on behalf of Cuthbert Bullitt)",
      "url": "https://www.loc.gov/item/mal2460400/"
    },
    {
      "access_restricted": false,
      "aka": [
        "http://www.loc.gov/item/mal2460600/",
        "https://hdl.loc.gov/loc.mss/ms000001.mss30189a.2460600",
        "http://www.loc.gov/resource/mal.2460600/",
        "http://www.loc.gov/item/mal.2460600/"
      ],
      "campaigns": [],
      "contributor": [
        "lincoln, abraham"
      ],
      "date": "1863-07-01",
      "dates": [
        "1863-07-01"
      ],
      "digitized": true,
      "extract_timestamp": "2022-01-29T07:56:32.838Z",
      "group": [
        "mal",
        "abraham-lincoln-papers"
      ],
      "hassegments": true,
      "id": "http://www.loc.gov/item/mal2460600/",
      "image_url": [
        "https://tile.loc.gov/image-services/iiif/service:mss:mal:246:2460600:001/full/pct:6.25/0/default.jpg#h=389&w=307",
        "https://tile.loc.gov/image-services/iiif/service:mss:mal:246:2460600:001/full/pct:12.5/0/default.jpg#h=778&w=614",
        "https://tile.loc.gov/image-services/iiif/service:mss:mal:246:2460600:001/full/pct:25/0/default.jpg#h=1556&w=1229",
        "https://tile.loc.gov/image-services/iiif/service:mss:mal:246:2460600:001/full/pct:50/0/default.jpg#h=3112&w=2459",
        "https://tile.loc.gov/image-services/iiif/service:mss:mal:246:2460600:001/full/pct:100/0/default.jpg#h=6224&w=4919"
      ],
      "index": 5,
      "language": [
        "english"
      ],
      "mime_type": [
        "text/xml",
        "image/jpeg",
        "image/jp2",
        "application/xml",
        "image/tiff",
        "application/pdf"
      ],
      "online_format": [
        "online text",
        "image",
        "pdf"
      ],
      "original_format": [
        "manuscript/mixed material"
      ],
      "partof": [
        "manuscript division",
        "abraham lincoln papers at the library of congress",
        "abraham lincoln papers at the library of congress: series 1. general correspondence. 1833-1916"
      ],
      "score": 17.731201,
      "shelf_id": "series: Series 1. General Correspondence. 1833-1916",
      "subject": [
        "civil war",
        "manuscripts",
        "history",
        "politics and government",
        "united states",
        "presidents"
      ],
      "timestamp": "2022-04-23T06:07:17.085Z",
      "title": "Abraham Lincoln papers: Series 1. General Correspondence. 1833-1916: Samuel R. Curtis to Richard McAllister, Wednesday, July 01, 1863 (Defends his conduct in purchasing cotton)",
      "url": "https://www.loc.gov/item/mal2460600/"
    },
    {
      "access_restricted": false,
      "aka": [
        "http://www.loc.gov/item/mal2461400/",
        "https://hdl.loc.gov/loc.mss/ms000001.mss30189a.2461400",
        "http://www.loc.gov/resource/mal.2461400/",
        "http://www.loc.gov/item/mal.2461400/"
      ],
      "campaigns": [],
      "contributor": [
        "lincoln, abraham"
      ],
      "date": "1863-07-01",
      "dates": [
        "1863-07-01"
      ],
      "digitized": true,
      "extract_timestamp": "2022-01-29T07:56:32.838Z",
      "group": [
        "mal",
        "abraham-lincoln-papers"
      ],
      "hassegments": true,
      "id": "http://www.loc.gov/item/mal2461400/",
      "image_url": [
        "https://tile.loc.gov/image-services/iiif/service:mss:mal:246:2461400:001/full/pct:6.25/0/default.jpg#h=375&w=292",
        "https://tile.loc.gov/image-services/iiif/service:mss:mal:246:2461400:001/full/pct:12.5/0/default.jpg#h=750&w=584",
        "https://tile.loc.gov/image-services/iiif/service:mss:mal:246:2461400:001/full/pct:25/0/default.jpg#h=1500&w=1169",
        "https://tile.loc.gov/image-services/iiif/service:mss:mal:246:2461400:001/full/pct:50/0/default.jpg#h=3000&w=2339",
        "https://tile.loc.gov/image-services/iiif/service:mss:mal:246:2461400:001/full/pct:100/0/default.jpg#h=6000&w=4678"
      ],
      "index": 6,
      "language": [
        "english"
      ],
      "mime_type": [
        "text/xml",
        "image/jpeg",
        "image/jp2",
        "application/xml",
        "image/tiff",
        "application/pdf"
      ],
      "online_format": [
        "online text",
        "image",
        "pdf"
      ],
      "original_format": [
        "manuscript/mixed material"
      ],
      "partof": [
        "manuscript division",
        "abraham lincoln papers at the library of congress",
        "abraham lincoln papers at the library of congress: series 1. general correspondence. 1833-1916"
      ],
      "score": 17.731201,
      "shelf_id": "series: Series 1. General Correspondence. 1833-1916",
      "subject": [
        "civil war",
        "manuscripts",
        "history",
        "politics and government",
        "united states",
        "presidents"
      ],
      "timestamp": "2022-04-23T06:07:17.085Z",
      "title": "Abraham Lincoln papers: Series 1. General Correspondence. 1833-1916: Alexander K. McClure to Abraham Lincoln, Wednesday, July 01, 1863 (Writes in favor of giving McClellan a command in Pennsylvania)",
      "url": "https://www.loc.gov/item/mal2461400/"
    }
  ],
  "options": {
    "access_group": [
      ""
    ],
    "access_group_raw": "",
    "all": null,
    "api_version": "1",
    "app_context": null,
    "application_version": "$Revision$",
    "attribute": null,
    "attribute!": null,
    "attribute_map": null,
    "cache_tags": [
      "mal",
      "abraham-lincoln-papers",
      "ndnp/wvu",
      "west-virginia-university-awardee"
    ],
    "callback": null,
    "clip": null,
    "clip_image_width": null,
    "clip_rotation": null,
    "content_filter": null,
    "content_replacement": "",
    "count": null,
    "dates": null,
    "default_count": 25,
    "delimiter": null,
    "digital_id": null,
    "display_level": null,
    "distance": null,
    "downloadOption": null,
    "duration": 0.7246010303497314,
    "embed": [],
    "embed!": [],
    "error_response_status": null,
    "excludeTerms": null,
    "facetLimits": "",
    "facetPrefix": null,
    "facet_count": null,
    "facet_style": null,
    "field": null,
    "format": "json",
    "host": "www.loc.gov",
    "ical": false,
    "id": "mal0440500/",
    "iiif": false,
    "index": null,
    "inputEncoding": "UTF-8",
    "item": null,
    "items": null,
    "keys": null,
    "language": null,
    "latlong": null,
    "method": "GET",
    "newSearch": null,
    "new_clip_url": false,
    "onsite": false,
    "operator": null,
    "outputEncoding": "UTF-8",
    "page_campaigns": [],
    "path_info": "/item/mal0440500/",
    "port": "443",
    "proxypath": null,
    "query_string": "fo=json",
    "redirect_proxy": false,
    "redirect_to_item": null,
    "referer": "",
    "region": "",
    "release_id": 123456789,
    "request_host": "www.loc.gov",
    "request_params": {
      "fo": [
        "json"
      ]
    },
    "request_url": "https://www.loc.gov/item/mal0440500/?fo=json",
    "resource": "",
    "resource_sequence": null,
    "scheme": "https",
    "searchIn": null,
    "searchTerms": "",
    "segments": null,
    "shards": [
      "00"
    ],
    "site_id": null,
    "site_type": null,
    "solrQuery": "",
    "sortBy": null,
    "sortOrder": null,
    "startPage": null,
    "style": null,
    "suggested": null,
    "target": null,
    "template": "layouts/item/layout",
    "timestamp": 1764795719.5395844,
    "tz_aware": null,
    "unionFacets": "",
    "webcast_permalink": null
  },
  "related_items": [
    {
      "access_restricted": false,
      "aka": [
        "http://www.loc.gov/item/sn85059834/1862-09-29/ed-1/",
        "http://www.loc.gov/resource/sn85059834/1862-09-29/ed-1/"
      ],
      "batch": [
        "wvu_gorn_ver01"
      ],
      "campaigns": [],
      "contributor": [
        "west virginia university"
      ],
      "date": "1862-09-29",
      "dates": [
        "1862-09-29"
      ],
      "description": [
        "Charleston, Va. [W. Va.]"
      ],
      "digitized": true,
      "extract_timestamp": "2025-05-27T17:01:43.988Z",
      "group": [
        "ndnp/wvu",
        "west-virginia-university-awardee"
      ],
      "hassegments": true,
      "id": "http://www.loc.gov/item/sn85059834/1862-09-29/ed-1/",
      "image_url": [
        "https://tile.loc.gov/image-services/iiif/service:ndnp:wvu:batch_wvu_gorn_ver01:data:sn85059834:00271767663:1862092901:0007/full/pct:6.25/0/default.jpg#h=294&w=221",
        "https://tile.loc.gov/image-services/iiif/service:ndnp:wvu:batch_wvu_gorn_ver01:data:sn85059834:00271767663:1862092901:0007/full/pct:12.5/0/default.jpg#h=588&w=442",
        "https://tile.loc.gov/image-services/iiif/service:ndnp:wvu:batch_wvu_gorn_ver01:data:sn85059834:00271767663:1862092901:0007/full/pct:25/0/default.jpg#h=1177&w=885"
      ],
      "index": 1,
      "language": [
        "english"
      ],
      "location": [
        "west virginia",
        "charleston",
        "kanawha",
        "united states"
      ],
      "mime_type": [
        "image/jp2",
        "application/pdf",
        "text/xml",
        "image/jpeg"
      ],
      "number": [
        "sn85059834",
        "1",
        "00271767663"
      ],
      "numeric_shelf_id": 186209291,
      "online_format": [
        "image",
        "pdf",
        "online text"
      ],
      "original_format": [
        "newspaper"
      ],
      "partof": [
        "the guerilla (charleston, va. [w. va.]) 1862-186?",
        "chronicling america",
        "serial and government publications division"
      ],
      "publication_frequency": [
        "daily"
      ],
      "score": 16.464952,
      "shelf_id": "sn85059834, 1862-09-29, Edition 1",
      "site": [
        "chroniclingamerica"
      ],
      "subject": [
        "civil war",
        "history",
        "united states",
        "newspapers",
        "charleston (w. va.)",
        "kanawha",
        "american civil war",
        "charleston",
        "west virginia"
      ],
      "timestamp": "2025-07-16T18:56:23.391Z",
      "title": "The guerilla (Charleston, Va. [W. Va.]), September 29, 1862",
      "type": [
        "issue"
      ],
      "url": "https://www.loc.gov/item/sn85059834/1862-09-29/ed-1/"
    },
    {
      "access_restricted": false,
      "aka": [
        "http://www.loc.gov/item/sn85059834/1862-10-03/ed-1/",
        "http://www.loc.gov/resource/sn85059834/1862-10-03/ed-1/"
      ],
      "batch": [
        "wvu_gorn_ver01"
      ],
      "campaigns": [],
      "contributor": [
        "west virginia university"
      ],
      "date": "1862-10-03",
      "dates": [
        "1862-10-03"
      ],
      "description": [
        "Charleston, Va. [W. Va.]"
      ],
      "digitized": true,
      "extract_timestamp": "2025-05-27T17:01:43.988Z",
      "group": [
        "ndnp/wvu",
        "west-virginia-university-awardee"
      ],
      "hassegments": true,
      "id": "http://www.loc.gov/item/sn85059834/1862-10-03/ed-1/",
      "image_url": [
        "https://tile.loc.gov/image-services/iiif/service:ndnp:wvu:batch_wvu_gorn_ver01:data:sn85059834:00271767663:1862100301:0011/full/pct:12.5/0/default.jpg#h=486&w=384",
        "https://tile.loc.gov/image-services/iiif/service:ndnp:wvu:batch_wvu_gorn_ver01:data:sn85059834:00271767663:1862100301:0011/full/pct:25/0/default.jpg#h=972&w=769"
      ],
      "index": 2,
      "language": [
        "english"
      ],
      "location": [
        "west virginia",
        "charleston",
        "kanawha",
        "united states"
      ],
      "mime_type": [
        "image/jp2",
        "application/pdf",
        "text/xml",
        "image/jpeg"
      ],
      "number": [
        "sn85059834",
        "1",
        "00271767663"
      ],
      "numeric_shelf_id": 186210031,
      "online_format": [
        "image",
        "pdf",
        "online text"
      ],
      "original_format": [
        "newspaper"
      ],
      "partof": [
        "the guerilla (charleston, va. [w. va.]) 1862-186?",
        "chronicling america",
        "serial and government publications division"
      ],
      "publication_frequency": [
        "daily"
      ],
      "score": 16.464952,
      "shelf_id": "sn85059834, 1862-10-03, Edition 1",
      "site": [
        "chroniclingamerica"
      ],
      "subject": [
        "civil war",
        "history",
        "united states",
        "newspapers",
        "charleston (w. va.)",
        "kanawha",
        "american civil war",
        "charleston",
        "west virginia"
      ],
      "timestamp": "2025-07-16T18:56:23.391Z",
      "title": "The guerilla (Charleston, Va. [W. Va.]), October 3, 1862",
      "type": [
        "issue"
      ],
      "url": "https://www.loc.gov/item/sn85059834/1862-10-03/ed-1/"
    },
    {
      "access_restricted": false,
      "aka": [
        "http://www.loc.gov/item/sn85059536/1863-03-24/ed-1/",
        "http://www.loc.gov/resource/sn85059536/1863-03-24/ed-1/"
      ],
      "batch": [
        "wvu_irwin_ver01"
      ],
      "campaigns": [],
      "contributor": [
        "west virginia university"
      ],
      "date": "1863-03-24",
      "dates": [
        "1863-03-24"
      ],
      "description": [
        "Martinsburg, Va. [W. Va.]"
      ],
      "digitized": true,
      "extract_timestamp": "2025-05-27T17:03:00.564Z",
      "group": [
        "ndnp/wvu",
        "west-virginia-university-awardee"
      ],
      "hassegments": true,
      "id": "http://www.loc.gov/item/sn85059536/1863-03-24/ed-1/",
      "image_url": [
        "https://tile.loc.gov/image-services/iiif/service:ndnp:wvu:batch_wvu_irwin_ver01:data:sn85059536:print:1863032401:0001/full/pct:6.25/0/default.jpg#h=383&w=260",
        "https://tile.loc.gov/image-services/iiif/service:ndnp:wvu:batch_wvu_irwin_ver01:data:sn85059536:print:1863032401:0001/full/pct:12.5/0/default.jpg#h=767&w=520"
      ],
      "index": 3,
      "language": [
        "english"
      ],
      "location": [
        "martinsburg",
        "west virginia",
        "united states",
        "berkeley"
      ],
      "mime_type": [
        "image/jp2",
        "application/pdf",
        "text/xml",
        "image/jpeg"
      ],
      "number": [
        "sn85059536",
        "1"
      ],
      "numeric_shelf_id": 186303241,
      "online_format": [
        "image",
        "pdf",
        "online text"
      ],
      "original_format": [
        "newspaper"
      ],
      "partof": [
        "chronicling america",
        "serial and government publications division",
        "weekly gazette (martinsburg, va. [w. va.]) 1863-186?"
      ],
      "publication_frequency": [
        "weekly"
      ],
      "score": 16.464952,
      "shelf_id": "sn85059536, 1863-03-24, Edition 1",
      "site": [
        "chroniclingamerica"
      ],
      "subject": [
        "martinsburg",
        "civil war",
        "history",
        "united states",
        "berkeley",
        "martinsburg (w. va.)",
        "newspapers",
        "american civil war",
        "west virginia"
      ],
      "timestamp": "2025-07-16T22:45:40.920Z",
      "title": "Weekly gazette (Martinsburg, Va. [W. Va.]), March 24, 1863",
      "type": [
        "issue"
      ],
      "url": "https://www.loc.gov/item/sn85059536/1863-03-24/ed-1/"
    },
    {
      "access_restricted": false,
      "aka": [
        "http://www.loc.gov/item/sn84026772/1861-07-11/ed-1/",
        "http://www.loc.gov/resource/sn84026772/1861-07-11/ed-1/"
      ],
      "batch": [
        "wvu_kuwait_ver02"
      ],
      "campaigns": [],
      "contributor": [
        "west virginia university"
      ],
      "date": "1861-07-11",
      "dates": [
        "1861-07-11"
      ],
      "description": [
        "Martinsburg, Va. [W. Va.]"
      ],
      "digitized": true,
      "extract_timestamp": "2025-05-27T17:04:39.183Z",
      "group": [
        "ndnp/wvu",
        "west-virginia-university-awardee"
      ],
      "hassegments": true,
      "id": "http://www.loc.gov/item/sn84026772/1861-07-11/ed-1/",
      "image_url": [
        "https://tile.loc.gov/image-services/iiif/service:ndnp:wvu:batch_wvu_kuwait_ver02:data:sn84026772:00202192476:1861071101:0023/full/pct:6.25/0/default.jpg#h=315&w=216",
        "https://tile.loc.gov/image-services/iiif/service:ndnp:wvu:batch_wvu_kuwait_ver02:data:sn84026772:00202192476:1861071101:0023/full/pct:12.5/0/default.jpg#h=631&w=433"
      ],
      "index": 4,
      "language": [
        "english"
      ],
      "location": [
        "martinsburg",
        "west virginia",
        "united states",
        "berkeley"
      ],
      "mime_type": [
        "image/jp2",
        "application/pdf",
        "text/xml",
        "image/jpeg"
      ],
      "number": [
        "sn84026772",
        "00202192476",
        "1"
      ],
      "numeric_shelf_id": 186107111,
      "online_format": [
        "image",
        "pdf",
        "online text"
      ],
      "original_format": [
        "newspaper"
      ],
      "partof": [
        "the american union (martinsburg, va. [w. va.]) 1861-1861",
        "chronicling america",
        "serial and government publications division"
      ],
      "publication_frequency": [
        "irregular"
      ],
      "score": 16.464952,
      "shelf_id": "sn84026772, 1861-07-11, Edition 1",
      "site": [
        "chroniclingamerica"
      ],
      "subject": [
        "martinsburg",
        "civil war",
        "history",
        "united states",
        "berkeley",
        "martinsburg (w. va.)",
        "newspapers",
        "american civil war",
        "west virginia"
      ],
      "timestamp": "2025-07-17T05:04:15.585Z",
      "title": "The American union (Martinsburg, Va. [W. Va.]), July 11, 1861",
      "type": [
        "issue"
      ],
      "url": "https://www.loc.gov/item/sn84026772/1861-07-11/ed-1/"
    },
    {
      "access_restricted": false,
      "aka": [
        "http://www.loc.gov/item/sn84026772/1861-07-06/ed-1/",
        "http://www.loc.gov/resource/sn84026772/1861-07-06/ed-1/"
      ],
      "batch": [
        "wvu_kuwait_ver02"
      ],
      "campaigns": [],
      "contributor": [
        "west virginia university"
      ],
      "date": "1861-07-06",
      "dates": [
        "1861-07-06"
      ],
      "description": [
        "Martinsburg, Va. [W. Va.]"
      ],
      "digitized": true,
      "extract_timestamp": "2025-05-27T17:04:39.183Z",
      "group": [
        "ndnp/wvu",
        "west-virginia-university-awardee"
      ],
      "hassegments": true,
      "id": "http://www.loc.gov/item/sn84026772/1861-07-06/ed-1/",
      "image_url": [
        "https://tile.loc.gov/image-services/iiif/service:ndnp:wvu:batch_wvu_kuwait_ver02:data:sn84026772:00202192476:1861070601:0015/full/pct:6.25/0/default.jpg#h=264&w=172",
        "https://tile.loc.gov/image-services/iiif/service:ndnp:wvu:batch_wvu_kuwait_ver02:data:sn84026772:00202192476:1861070601:0015/full/pct:12.5/0/default.jpg#h=529&w=345",
        "https://tile.loc.gov/image-services/iiif/service:ndnp:wvu:batch_wvu_kuwait_ver02:data:sn84026772:00202192476:1861070601:0015/full/pct:25/0/default.jpg#h=1059&w=691"
      ],
      "index": 5,
      "language": [
        "english"
      ],
      "location": [
        "martinsburg",
        "west virginia",
        "united states",
        "berkeley"
      ],
      "mime_type": [
        "image/jp2",
        "application/pdf",
        "text/xml",
        "image/jpeg"
      ],
      "number": [
        "sn84026772",
        "00202192476",
        "1"
      ],
      "numeric_shelf_id": 186107061,
      "online_format": [
        "image",
        "pdf",
        "online text"
      ],
      "original_format": [
        "newspaper"
      ],
      "partof": [
        "the american union (martinsburg, va. [w. va.]) 1861-1861",
        "chronicling america",
        "serial and government publications division"
      ],
      "publication_frequency": [
        "irregular"
      ],
      "score": 16.464952,
      "shelf_id": "sn84026772, 1861-07-06, Edition 1",
      "site": [
        "chroniclingamerica"
      ],
      "subject": [
        "martinsburg",
        "civil war",
        "history",
        "united states",
        "berkeley",
        "martinsburg (w. va.)",
        "newspapers",
        "american civil war",
        "west virginia"
      ],
      "timestamp": "2025-07-17T05:04:15.585Z",
      "title": "The American union (Martinsburg, Va. [W. Va.]), July 6, 1861",
      "type": [
        "issue"
      ],
      "url": "https://www.loc.gov/item/sn84026772/1861-07-06/ed-1/"
    },
    {
      "access_restricted": false,
      "aka": [
        "http://www.loc.gov/item/sn84026772/1861-07-09/ed-1/",
        "http://www.loc.gov/resource/sn84026772/1861-07-09/ed-1/"
      ],
      "batch": [
        "wvu_kuwait_ver02"
      ],
      "campaigns": [],
      "contributor": [
        "west virginia university"
      ],
      "date": "1861-07-09",
      "dates": [
        "1861-07-09"
      ],
      "description": [
        "Martinsburg, Va. [W. Va.]"
      ],
      "digitized": true,
      "extract_timestamp": "2025-05-27T17:04:39.183Z",
      "group": [
        "ndnp/wvu",
        "west-virginia-university-awardee"
      ],
      "hassegments": true,
      "id": "http://www.loc.gov/item/sn84026772/1861-07-09/ed-1/",
      "image_url": [
        "https://tile.loc.gov/image-services/iiif/service:ndnp:wvu:batch_wvu_kuwait_ver02:data:sn84026772:00202192476:1861070901:0019/full/pct:6.25/0/default.jpg#h=313&w=215",
        "https://tile.loc.gov/image-services/iiif/service:ndnp:wvu:batch_wvu_kuwait_ver02:data:sn84026772:00202192476:1861070901:0019/full/pct:12.5/0/default.jpg#h=627&w=431"
      ],
      "index": 6,
      "language": [
        "english"
      ],
      "location": [
        "martinsburg",
        "west virginia",
        "united states",
        "berkeley"
      ],
      "mime_type": [
        "image/jp2",
        "application/pdf",
        "text/xml",
        "image/jpeg"
      ],
      "number": [
        "sn84026772",
        "00202192476",
        "1"
      ],
      "numeric_shelf_id": 186107091,
      "online_format": [
        "image",
        "pdf",
        "online text"
      ],
      "original_format": [
        "newspaper"
      ],
      "partof": [
        "the american union (martinsburg, va. [w. va.]) 1861-1861",
        "chronicling america",
        "serial and government publications division"
      ],
      "publication_frequency": [
        "irregular"
      ],
      "score": 16.464952,
      "shelf_id": "sn84026772, 1861-07-09, Edition 1",
      "site": [
        "chroniclingamerica"
      ],
      "subject": [
        "martinsburg",
        "civil war",
        "history",
        "united states",
        "berkeley",
        "martinsburg (w. va.)",
        "newspapers",
        "american civil war",
        "west virginia"
      ],
      "timestamp": "2025-07-17T05:04:15.585Z",
      "title": "The American union (Martinsburg, Va. [W. Va.]), July 9, 1861",
      "type": [
        "issue"
      ],
      "url": "https://www.loc.gov/item/sn84026772/1861-07-09/ed-1/"
    }
  ],
  "resources": [
    {
      "caption": "",
      "files": [
        [
          {
            "height": 302,
            "levels": 1,
            "mimetype": "image/jpeg",
            "url": "https://tile.loc.gov/image-services/iiif/service:mss:mal:044:0440500:001/full/pct:6.25/0/default.jpg",
            "width": 201
          },
          {
            "height": 604,
            "levels": 1,
            "mimetype": "image/jpeg",
            "url": "https://tile.loc.gov/image-services/iiif/service:mss:mal:044:0440500:001/full/pct:12.5/0/default.jpg",
            "width": 403
          },
          {
            "height": 1209,
            "levels": 1,
            "mimetype": "image/jpeg",
            "url": "https://tile.loc.gov/image-services/iiif/service:mss:mal:044:0440500:001/full/pct:25/0/default.jpg",
            "width": 807
          },
          {
            "height": 2419,
            "levels": 1,
            "mimetype": "image/jpeg",
            "url": "https://tile.loc.gov/image-services/iiif/service:mss:mal:044:0440500:001/full/pct:50/0/default.jpg",
            "width": 1614
          },
          {
            "height": 4838,
            "levels": 1,
            "mimetype": "image/jpeg",
            "url": "https://tile.loc.gov/image-services/iiif/service:mss:mal:044:0440500:001/full/pct:100/0/default.jpg",
            "width": 3229
          },
          {
            "height": 4838,
            "info": "https://tile.loc.gov/image-services/iiif/service:mss:mal:044:0440500:001/info.json",
            "levels": 7,
            "mimetype": "image/jp2",
            "size": 3230917,
            "url": "https://tile.loc.gov/storage-services/service/mss/mal/044/0440500/001.jp2",
            "width": 3229
          },
          {
            "height": null,
            "levels": 1,
            "mimetype": "image/tiff",
            "size": 46889148,
            "url": "https://tile.loc.gov/storage-services/master/mss/mal/044/0440500/001.tif",
            "width": null
          },
          {
            "fulltext": "<ammemxml><printpgno><br /></printpgno>          <body> <div> <p> <span class='underscore'>From Abraham Lincoln to Truman Smith<anchor>1</anchor>, November 10, 1860</span> </p> <p> <note>1 See Smith to Lincoln, November 7, 1860, and Smith to Lincoln, November 8, 1860.  Smith called Lincoln's attention to a circular distributed before the election by “respectable citizens of New York,” in which Lincoln was held up as a dangerous radical and an enemy of the institutions of the South and of the peace and security of the Union, whose policies were unsettling to the commercial life of the country.  Such a message, typical as it was of the sort of vituperation a presidential candidate must endure, was especially unsettling in the current campaign, and would have a negative influence in the South as well as among Northern voters.  Once elected, Smith asked, should Lincoln not speak out to “disarm the mischief makers, to allay causeless anxiety, to compose the public mind...?”</note> </p> <p>(copy)</p> <p> <span class='underscore'>Private & Confidential</span>.</p> <p>Springfield Ill Nov 10th 1860.</p> <p>My dear Sir</p> <p>This is intended as a strictly private letter to you, and not as an answer to yours brought me by Mr. Sanford.<anchor>2</anchor>  It is with the most profound appreciation of your motive, and highest respect for your judgment too, that I feel constrained, for the present, at least, to make no declaration for the public.</p> <p> <note>2 Smith's first letter to Lincoln, of November 7, 1860, was carried by Henry S. Sanford.  See Smith to Lincoln, November 8, 1860.</note> </p> <p>First, I could say nothing which I have not already said, and which is in print, and open for the inspection of all.  To press a repetition of this upon those who <span class='underscore'>have</span> listened, is useless; to press it upon those who have <span class='underscore'>refused</span> to listen, and still refuse, would be wanting in self-respect, and would have an appearance of sycophancy and timidity, which would excite the contempt of good men, and encourage bad ones to clamor the more loudly.</p> <p>I am not insensible to any commercial or financial depression that may exist; but nothing is to be gained by fawning around the “<span class='underscore'>respectable scoundrels</span>” who got it up.  Let them go to work and repair the mischief of their own making; and then perhaps they will be less greedy to do the like again.</p> <p>Yours very truly</p> <p>A. Lincoln.</p> </div>         </ammemxml>",
            "mimetype": "text/xml",
            "use": "text"
          }
        ],
        [
          {
            "height": 300,
            "levels": 1,
            "mimetype": "image/jpeg",
            "url": "https://tile.loc.gov/image-services/iiif/service:mss:mal:044:0440500:002/full/pct:6.25/0/default.jpg",
            "width": 197
          },
          {
            "height": 600,
            "levels": 1,
            "mimetype": "image/jpeg",
            "url": "https://tile.loc.gov/image-services/iiif/service:mss:mal:044:0440500:002/full/pct:12.5/0/default.jpg",
            "width": 395
          },
          {
            "height": 1201,
            "levels": 1,
            "mimetype": "image/jpeg",
            "url": "https://tile.loc.gov/image-services/iiif/service:mss:mal:044:0440500:002/full/pct:25/0/default.jpg",
            "width": 791
          },
          {
            "height": 2403,
            "levels": 1,
            "mimetype": "image/jpeg",
            "url": "https://tile.loc.gov/image-services/iiif/service:mss:mal:044:0440500:002/full/pct:50/0/default.jpg",
            "width": 1583
          },
          {
            "height": 4806,
            "levels": 1,
            "mimetype": "image/jpeg",
            "url": "https://tile.loc.gov/image-services/iiif/service:mss:mal:044:0440500:002/full/pct:100/0/default.jpg",
            "width": 3166
          },
          {
            "height": 4806,
            "info": "https://tile.loc.gov/image-services/iiif/service:mss:mal:044:0440500:002/info.json",
            "levels": 7,
            "mimetype": "image/jp2",
            "size": 2571916,
            "url": "https://tile.loc.gov/storage-services/service/mss/mal/044/0440500/002.jp2",
            "width": 3166
          },
          {
            "height": null,
            "levels": 1,
            "mimetype": "image/tiff",
            "size": 45669928,
            "url": "https://tile.loc.gov/storage-services/master/mss/mal/044/0440500/002.tif",
            "width": null
          }
        ]
      ],
      "fulltext_file": "https://tile.loc.gov/storage-services/service/mss/mal/044/0440500/0440500.xml",
      "image": "https://tile.loc.gov/image-services/iiif/service:mss:mal:044:0440500:001/full/pct:6.25/0/default.jpg",
      "pdf": "https://tile.loc.gov/storage-services/service/mss/mal/044/0440500/0440500.pdf",
      "url": "https://www.loc.gov/resource/mal.0440500/"
    }
  ],
  "timestamp": 1764795720264,
  "type": "zoom"
}